,malware_asyncrat,benign_fleschutz,benign_farag2,benign_jrussellfreelance,malware_empire,malware_pt_toolkit,malware_nishang,benign_jhochwald,benign_ledrago,malware_poshc2,malware_cobalt_strike,malware_mafia,malware_offsec,benign_nickrod518,benign_stevencohn,malware_powershellery,malware_psbits,benign_nickbeau,benign_sysadmin-survival-kit,benign_redttr,malware_quasarrat,benign_floriantim,malware_netwalker,malware_coinminer,malware_metasploit,malware_nw0rm,malware_netsupport,malware_smallposh,malware_rest,malware_randomps,malware_guloader,malware_invoke_obfuscation,malware_quakbot,malware_bumblebee
train_label_datasource_ratio,0.05821917808219178,0.2440068493150685,0.032534246575342464,0.014554794520547944,0.0351027397260274,0.053082191780821915,0.04195205479452055,0.0839041095890411,0.012842465753424657,0.05136986301369863,0.030821917808219176,0.014554794520547944,0.05051369863013699,0.059075342465753425,0.039383561643835614,0.015410958904109588,0.0410958904109589,0.0017123287671232876,0.01797945205479452,0.02054794520547945,0.005136986301369863,0.0017123287671232876,0.0059931506849315065,0.0025684931506849314,0.00684931506849315,0.005136986301369863,0.01113013698630137,0.0059931506849315065,0.016267123287671232,0.003424657534246575,0.003424657534246575,0.008561643835616438,0.0025684931506849314,0.0025684931506849314
test_label_datasource__ratio,0.05802047781569966,0.24573378839590443,0.030716723549488054,0.013651877133105802,0.034129692832764506,0.05460750853242321,0.040955631399317405,0.08532423208191127,0.013651877133105802,0.051194539249146756,0.030716723549488054,0.013651877133105802,0.051194539249146756,0.06143344709897611,0.03754266211604096,0.017064846416382253,0.040955631399317405,,0.017064846416382253,0.020477815699658702,0.0034129692832764505,,0.006825938566552901,0.0034129692832764505,0.006825938566552901,0.0034129692832764505,0.010238907849829351,0.006825938566552901,0.017064846416382253,0.0034129692832764505,0.0034129692832764505,0.010238907849829351,0.0034129692832764505,0.0034129692832764505
train_label_datasource_count,68.0,285.0,38.0,17.0,41.0,62.0,49.0,98.0,15.0,60.0,36.0,17.0,59.0,69.0,46.0,18.0,48.0,2.0,21.0,24.0,6.0,2.0,7.0,3.0,8.0,6.0,13.0,7.0,19.0,4.0,4.0,10.0,3.0,3.0
test_label_datasource_count,17.0,72.0,9.0,4.0,10.0,16.0,12.0,25.0,4.0,15.0,9.0,4.0,15.0,18.0,11.0,5.0,12.0,,5.0,6.0,1.0,,2.0,1.0,2.0,1.0,3.0,2.0,5.0,1.0,1.0,3.0,1.0,1.0
